ID,cluster
0,2
1,6
2,3
3,3
4,8
5,4
6,0
7,5
8,9
9,5
10,6
11,5
12,2
13,5
14,6
15,5
16,8
17,6
18,8
19,3
20,9
21,0
22,1
23,5
24,6
25,7
26,2
27,4
28,5
29,6
30,4
31,6
32,3
33,7
34,0
35,7
36,0
37,4
38,6
39,3
40,2
41,5
42,1
43,4
44,9
45,3
46,6
47,9
48,5
49,9
50,3
51,8
52,8
53,4
54,0
55,1
56,9
57,4
58,0
59,5
60,5
61,7
62,2
63,7
64,9
65,2
66,3
67,5
68,5
69,3
70,8
71,4
72,9
73,0
74,8
75,3
76,6
77,0
78,0
79,8
80,7
81,3
82,7
83,3
84,1
85,1
86,3
87,6
88,2
89,6
90,8
91,0
92,0
93,9
94,8
95,5
96,9
97,5
98,5
99,7
100,0
101,2
102,0
103,9
104,4
105,2
106,2
107,0
108,0
109,6
110,6
111,4
112,2
113,3
114,7
115,2
116,4
117,0
118,0
119,2
120,9
121,5
122,4
123,0
124,2
125,5
126,3
127,8
128,2
129,4
130,7
131,3
132,8
133,3
134,5
135,1
136,1
137,2
138,2
139,7
140,5
141,4
142,2
143,6
144,1
145,7
146,1
147,4
148,3
149,9
150,0
151,5
152,2
153,0
154,2
155,6
156,5
157,7
158,3
159,5
160,4
161,5
162,5
163,5
164,6
165,8
166,6
167,8
168,0
169,2
170,1
171,8
172,8
173,4
174,5
175,8
176,2
177,7
178,0
179,8
180,1
181,5
182,1
183,8
184,7
185,9
186,5
187,2
188,2
189,5
190,4
191,6
192,6
193,4
194,1
195,9
196,7
197,0
198,3
199,4
200,8
201,4
202,4
203,4
204,7
205,6
206,6
207,9
208,5
209,9
210,2
211,0
212,1
213,3
214,1
215,1
216,8
217,0
218,9
219,0
220,7
221,3
222,2
223,8
224,4
225,8
226,6
227,0
228,4
229,4
230,7
231,1
232,8
233,1
234,8
235,1
236,2
237,7
238,1
239,6
240,6
241,9
242,6
243,0
244,8
245,7
246,3
247,5
248,2
249,7
250,8
251,1
252,3
253,5
254,8
255,7
256,3
257,7
258,8
259,5
260,8
261,6
262,4
263,1
264,1
265,1
266,6
267,2
268,0
269,4
270,8
271,5
272,1
273,2
274,3
275,4
276,5
277,3
278,3
279,5
280,5
281,9
282,6
283,4
284,3
285,8
286,0
287,4
288,2
289,4
290,5
291,2
292,8
293,1
294,3
295,8
296,4
297,3
298,7
299,7
300,8
301,6
302,6
303,1
304,8
305,6
306,8
307,4
308,1
309,1
310,0
311,9
312,3
313,3
314,3
315,9
316,9
317,0
318,1
319,1
320,3
321,3
322,4
323,1
324,5
325,2
326,3
327,4
328,8
329,3
330,3
331,7
332,4
333,6
334,8
335,7
336,7
337,1
338,7
339,4
340,1
341,3
342,3
343,0
344,5
345,6
346,6
347,8
348,7
349,6
350,9
351,8
352,8
353,8
354,3
355,9
356,8
357,1
358,7
359,0
360,6
361,2
362,0
363,9
364,1
365,1
366,3
367,9
368,7
369,4
370,5
371,1
372,0
373,3
374,8
375,0
376,9
377,5
378,4
379,1
380,5
381,1
382,9
383,6
384,4
385,5
386,8
387,0
388,0
389,1
390,5
391,8
392,1
393,1
394,4
395,7
396,9
397,4
398,1
399,0
400,0
401,8
402,2
403,3
404,5
405,9
406,3
407,9
408,7
409,6
410,8
411,5
412,4
413,7
414,3
415,3
416,5
417,8
418,2
419,3
420,7
421,0
422,7
423,5
424,6
425,1
426,6
427,6
428,4
429,5
430,8
431,0
432,2
433,1
434,0
435,3
436,6
437,8
438,1
439,9
440,7
441,9
442,5
443,0
444,8
445,6
446,6
447,0
448,8
449,9
450,3
451,5
452,5
453,1
454,9
455,2
456,9
457,4
458,6
459,4
460,9
461,4
462,5
463,4
464,8
465,0
466,0
467,8
468,8
469,2
470,8
471,3
472,0
473,4
474,6
475,6
476,1
477,2
478,2
479,3
480,8
481,8
482,1
483,5
484,8
485,8
486,6
487,9
488,5
489,2
490,0
491,3
492,5
493,6
494,0
495,4
496,0
497,6
498,8
499,7
500,9
501,1
502,2
503,4
504,6
505,5
506,3
507,5
508,8
509,9
510,2
511,4
512,5
513,8
514,2
515,3
516,6
517,7
518,8
519,3
520,8
521,2
522,2
523,3
524,2
525,0
526,9
527,7
528,9
529,6
530,5
531,7
532,7
533,9
534,0
535,8
536,4
537,6
538,6
539,7
540,3
541,9
542,9
543,6
544,3
545,0
546,5
547,3
548,2
549,9
550,0
551,5
552,2
553,3
554,4
555,3
556,0
557,7
558,7
559,4
560,1
561,0
562,9
563,5
564,4
565,8
566,1
567,0
568,6
569,9
570,2
571,7
572,8
573,5
574,1
575,5
576,4
577,3
578,3
579,1
580,7
581,5
582,1
583,4
584,1
585,0
586,7
587,6
588,5
589,3
590,0
591,6
592,1
593,4
594,7
595,1
596,1
597,6
598,0
599,1
600,3
601,6
602,2
603,2
604,8
605,2
606,1
607,0
608,9
609,2
610,4
611,5
612,8
613,4
614,5
615,1
616,7
617,7
618,3
619,1
620,0
621,9
622,9
623,0
624,5
625,6
626,6
627,8
628,6
629,8
630,8
631,3
632,9
633,0
634,0
635,6
636,1
637,2
638,1
639,4
640,6
641,3
642,1
643,4
644,1
645,8
646,7
647,0
648,4
649,7
650,7
651,3
652,3
653,1
654,4
655,6
656,8
657,6
658,7
659,0
660,5
661,6
662,6
663,7
664,3
665,8
666,2
667,2
668,9
669,0
670,4
671,2
672,9
673,3
674,3
675,1
676,4
677,4
678,4
679,2
680,2
681,4
682,8
683,3
684,1
685,1
686,5
687,5
688,5
689,9
690,5
691,7
692,6
693,1
694,3
695,8
696,5
697,1
698,7
699,8
700,1
701,0
702,7
703,6
704,7
705,4
706,8
707,3
708,2
709,1
710,3
711,2
712,6
713,1
714,0
715,3
716,2
717,2
718,6
719,6
720,6
721,5
722,8
723,9
724,0
725,8
726,2
727,5
728,4
729,1
730,8
731,6
732,9
733,6
734,4
735,1
736,6
737,8
738,2
739,7
740,7
741,8
742,8
743,7
744,3
745,4
746,9
747,2
748,6
749,2
750,3
751,0
752,0
753,5
754,6
755,8
756,5
757,5
758,3
759,8
760,2
761,7
762,5
763,5
764,7
765,4
766,9
767,6
768,7
769,4
770,2
771,2
772,1
773,7
774,3
775,0
776,5
777,8
778,5
779,8
780,4
781,6
782,7
783,2
784,6
785,3
786,6
787,3
788,9
789,9
790,4
791,7
792,1
793,3
794,8
795,9
796,4
797,4
798,3
799,2
800,7
801,8
802,4
803,9
804,5
805,8
806,6
807,0
808,2
809,0
810,5
811,9
812,6
813,3
814,1
815,4
816,2
817,6
818,6
819,2
820,0
821,5
822,7
823,5
824,9
825,5
826,2
827,9
828,8
829,3
830,1
831,6
832,0
833,3
834,0
835,4
836,5
837,3
838,2
839,1
840,6
841,1
842,8
843,3
844,0
845,0
846,4
847,8
848,2
849,4
850,4
851,0
852,0
853,8
854,9
855,4
856,2
857,5
858,2
859,9
860,6
861,6
862,7
863,0
864,5
865,9
866,0
867,7
868,5
869,1
870,2
871,4
872,4
873,5
874,6
875,2
876,6
877,7
878,5
879,3
880,2
881,2
882,5
883,5
884,3
885,4
886,2
887,3
888,4
889,6
890,6
891,7
892,2
893,9
894,7
895,3
896,5
897,6
898,3
899,5
900,1
901,8
902,1
903,6
904,6
905,3
906,3
907,8
908,2
909,6
910,1
911,3
912,0
913,6
914,6
915,7
916,8
917,7
918,9
919,2
920,1
921,1
922,2
923,4
924,9
925,1
926,5
927,8
928,4
929,0
930,4
931,6
932,9
933,8
934,8
935,1
936,1
937,2
938,4
939,1
940,0
941,6
942,4
943,2
944,9
945,9
946,3
947,6
948,5
949,3
950,0
951,6
952,7
953,8
954,1
955,2
956,2
957,7
958,4
959,5
960,8
961,8
962,7
963,7
964,5
965,6
966,8
967,6
968,9
969,4
970,3
971,3
972,0
973,0
974,8
975,0
976,8
977,8
978,4
979,3
980,9
981,9
982,2
983,0
984,5
985,6
986,9
987,4
988,3
989,2
990,6
991,6
992,1
993,2
994,9
995,5
996,0
997,4
998,0
999,8
1000,7
1001,9
1002,9
1003,5
1004,9
1005,7
1006,3
1007,8
1008,1
1009,6
1010,5
1011,0
1012,8
1013,1
1014,1
1015,6
1016,7
1017,0
1018,8
1019,7
1020,3
1021,7
1022,1
1023,9
1024,3
1025,9
1026,6
1027,5
1028,6
1029,3
1030,3
1031,9
1032,9
1033,0
1034,9
1035,0
1036,5
1037,3
1038,4
1039,5
1040,9
1041,8
1042,2
1043,9
1044,0
1045,6
1046,4
1047,0
1048,4
1049,1
1050,9
1051,8
1052,4
1053,1
1054,3
1055,7
1056,7
1057,0
1058,6
1059,0
1060,2
1061,1
1062,7
1063,4
1064,2
1065,0
1066,9
1067,8
1068,6
1069,3
1070,9
1071,3
1072,3
1073,9
1074,6
1075,1
1076,9
1077,7
1078,3
1079,3
1080,2
1081,7
1082,1
1083,8
1084,8
1085,8
1086,8
1087,7
1088,7
1089,1
1090,7
1091,7
1092,7
1093,5
1094,5
1095,4
1096,1
1097,6
1098,9
1099,4
1100,9
1101,2
1102,0
1103,3
1104,1
1105,3
1106,0
1107,7
1108,9
1109,9
1110,1
1111,0
1112,4
1113,0
1114,2
1115,8
1116,8
1117,8
1118,6
1119,3
1120,6
1121,3
1122,9
1123,2
1124,3
1125,5
1126,6
1127,5
1128,9
1129,2
1130,6
1131,2
1132,2
1133,3
1134,2
1135,2
1136,1
1137,1
1138,8
1139,4
1140,9
1141,2
1142,3
1143,4
1144,7
1145,2
1146,6
1147,4
1148,5
1149,0
1150,5
1151,8
1152,6
1153,1
1154,0
1155,1
1156,0
1157,6
1158,4
1159,8
1160,2
1161,8
1162,7
1163,8
1164,8
1165,9
1166,1
1167,7
1168,9
1169,2
1170,6
1171,9
1172,6
1173,4
1174,0
1175,9
1176,6
1177,7
1178,1
1179,2
1180,8
1181,8
1182,5
1183,1
1184,6
1185,2
1186,7
1187,1
1188,3
1189,7
1190,3
1191,4
1192,8
1193,3
1194,7
1195,7
1196,7
1197,8
1198,1
1199,2
1200,5
1201,4
1202,4
1203,5
1204,1
1205,7
1206,9
1207,5
1208,4
1209,8
1210,2
1211,9
1212,6
1213,3
1214,4
1215,7
1216,6
1217,9
1218,9
1219,3
1220,4
1221,4
1222,6
1223,9
1224,1
1225,9
1226,2
1227,7
1228,1
1229,7
1230,3
1231,8
1232,5
1233,7
1234,0
1235,6
1236,8
1237,5
1238,0
1239,6
1240,5
1241,1
1242,1
1243,6
1244,8
1245,6
1246,8
1247,0
1248,9
1249,9
1250,8
1251,7
1252,5
1253,5
1254,1
1255,3
1256,8
1257,3
1258,0
1259,7
1260,5
1261,9
1262,4
1263,3
1264,9
1265,6
1266,3
1267,5
1268,1
1269,1
1270,5
1271,7
1272,5
1273,3
1274,9
1275,8
1276,4
1277,5
1278,2
1279,5
1280,4
1281,5
1282,9
1283,4
1284,3
1285,5
1286,3
1287,0
1288,7
1289,6
1290,6
1291,0
1292,9
1293,2
1294,4
1295,3
1296,2
1297,3
1298,1
1299,3
1300,7
1301,3
1302,1
1303,4
1304,2
1305,0
1306,6
1307,4
1308,8
1309,8
1310,0
1311,6
1312,6
1313,3
1314,8
1315,3
1316,0
1317,1
1318,1
1319,8
1320,0
1321,7
1322,2
1323,2
1324,2
1325,4
1326,9
1327,6
1328,7
1329,3
1330,1
1331,5
1332,3
1333,8
1334,3
1335,2
1336,1
1337,1
1338,8
1339,0
1340,3
1341,6
1342,5
1343,0
1344,3
1345,7
1346,9
1347,3
1348,8
1349,2
1350,2
1351,4
1352,9
1353,4
1354,8
1355,9
1356,9
1357,7
1358,8
1359,1
1360,6
1361,0
1362,6
1363,0
1364,1
1365,6
1366,4
1367,7
1368,8
1369,7
1370,0
1371,0
1372,6
1373,0
1374,2
1375,2
1376,7
1377,6
1378,5
1379,7
1380,0
1381,0
1382,7
1383,4
1384,8
1385,9
1386,4
1387,6
1388,8
1389,4
1390,5
1391,0
1392,0
1393,0
1394,7
1395,8
1396,2
1397,9
1398,0
1399,4
1400,7
1401,4
1402,4
1403,6
1404,9
1405,8
1406,8
1407,4
1408,0
1409,1
1410,5
1411,2
1412,5
1413,3
1414,3
1415,2
1416,9
1417,8
1418,4
1419,5
1420,2
1421,7
1422,9
1423,1
1424,8
1425,5
1426,1
1427,1
1428,6
1429,8
1430,8
1431,3
1432,7
1433,9
1434,1
1435,1
1436,6
1437,1
1438,0
1439,0
1440,0
1441,0
1442,3
1443,5
1444,5
1445,2
1446,3
1447,8
1448,1
1449,6
1450,9
1451,5
1452,9
1453,2
1454,4
1455,9
1456,2
1457,3
1458,7
1459,4
1460,9
1461,2
1462,6
1463,8
1464,4
1465,5
1466,3
1467,1
1468,7
1469,0
1470,3
1471,9
1472,6
1473,8
1474,4
1475,5
1476,1
1477,4
1478,5
1479,5
1480,7
1481,3
1482,5
1483,0
1484,2
1485,7
1486,2
1487,4
1488,7
1489,7
1490,5
1491,4
1492,4
1493,0
1494,8
1495,8
1496,9
1497,7
1498,6
1499,9
1500,8
1501,5
1502,1
1503,1
1504,0
1505,7
1506,3
1507,8
1508,8
1509,5
1510,9
1511,9
1512,5
1513,7
1514,1
1515,4
1516,0
1517,0
1518,4
1519,7
1520,6
1521,6
1522,5
1523,3
1524,2
1525,3
1526,7
1527,4
1528,9
1529,9
1530,3
1531,6
1532,3
1533,9
1534,8
1535,3
1536,7
1537,2
1538,1
1539,6
1540,3
1541,1
1542,1
1543,7
1544,2
1545,8
1546,1
1547,0
1548,8
1549,4
1550,9
1551,2
1552,9
1553,1
1554,2
1555,9
1556,6
1557,6
1558,3
1559,1
1560,7
1561,1
1562,2
1563,2
1564,6
1565,6
1566,4
1567,2
1568,7
1569,7
1570,0
1571,9
1572,2
1573,4
1574,7
1575,4
1576,0
1577,8
1578,2
1579,8
1580,1
1581,3
1582,4
1583,3
1584,6
1585,6
1586,4
1587,2
1588,1
1589,4
1590,1
1591,8
1592,5
1593,3
1594,8
1595,1
1596,9
1597,6
1598,3
1599,1
1600,7
1601,0
1602,7
1603,0
1604,8
1605,7
1606,1
1607,7
1608,0
1609,3
1610,6
1611,7
1612,9
1613,6
1614,8
1615,5
1616,3
1617,8
1618,3
1619,0
1620,2
1621,7
1622,2
1623,8
1624,1
1625,2
1626,0
1627,7
1628,2
1629,8
1630,5
1631,7
1632,8
1633,2
1634,2
1635,9
1636,1
1637,2
1638,5
1639,6
1640,5
1641,8
1642,2
1643,1
1644,7
1645,4
1646,8
1647,9
1648,6
1649,1
1650,2
1651,7
1652,4
1653,0
1654,1
1655,1
1656,2
1657,1
1658,9
1659,2
1660,5
1661,1
1662,0
1663,0
1664,1
1665,4
1666,3
1667,1
1668,0
1669,4
1670,8
1671,9
1672,4
1673,4
1674,1
1675,3
1676,5
1677,0
1678,7
1679,6
1680,5
1681,9
1682,7
1683,6
1684,6
1685,0
1686,5
1687,9
1688,2
1689,5
1690,1
1691,9
1692,4
1693,7
1694,8
1695,9
1696,9
1697,0
1698,9
1699,0
1700,4
1701,6
1702,0
1703,0
1704,7
1705,7
1706,3
1707,6
1708,6
1709,6
1710,7
1711,2
1712,9
1713,8
1714,1
1715,3
1716,6
1717,2
1718,8
1719,7
1720,6
1721,7
1722,4
1723,0
1724,7
1725,2
1726,9
1727,1
1728,8
1729,4
1730,3
1731,0
1732,4
1733,1
1734,5
1735,8
1736,4
1737,2
1738,2
1739,0
1740,1
1741,0
1742,9
1743,7
1744,3
1745,3
1746,6
1747,1
1748,0
1749,1
1750,7
1751,0
1752,8
1753,9
1754,1
1755,9
1756,0
1757,0
1758,4
1759,7
1760,1
1761,1
1762,7
1763,8
1764,5
1765,0
1766,2
1767,4
1768,2
1769,9
1770,3
1771,1
1772,0
1773,5
1774,5
1775,3
1776,9
1777,3
1778,1
1779,4
1780,9
1781,8
1782,1
1783,1
1784,3
1785,4
1786,4
1787,2
1788,1
1789,8
1790,9
1791,4
1792,6
1793,3
1794,9
1795,4
1796,8
1797,0
1798,7
1799,0
1800,9
1801,3
1802,0
1803,6
1804,3
1805,9
1806,3
1807,6
1808,5
1809,2
1810,4
1811,6
1812,1
1813,7
1814,6
1815,4
1816,1
1817,6
1818,1
1819,6
1820,5
1821,4
1822,1
1823,2
1824,5
1825,1
1826,8
1827,3
1828,0
1829,2
1830,0
1831,7
1832,4
1833,1
1834,7
1835,2
1836,6
1837,3
1838,0
1839,3
1840,3
1841,8
1842,9
1843,5
1844,1
1845,6
1846,3
1847,3
1848,9
1849,0
1850,7
1851,5
1852,2
1853,3
1854,5
1855,4
1856,4
1857,3
1858,7
1859,3
1860,9
1861,3
1862,9
1863,6
1864,1
1865,0
1866,1
1867,5
1868,6
1869,3
1870,1
1871,7
1872,7
1873,9
1874,8
1875,0
1876,0
1877,3
1878,3
1879,5
1880,3
1881,1
1882,9
1883,3
1884,5
1885,4
1886,2
1887,8
1888,1
1889,2
1890,3
1891,7
1892,2
1893,7
1894,2
1895,6
1896,8
1897,7
1898,2
1899,4
1900,6
1901,5
1902,5
1903,3
1904,6
1905,4
1906,1
1907,2
1908,4
1909,4
1910,4
1911,8
1912,2
1913,4
1914,5
1915,8
1916,7
1917,0
1918,4
1919,2
1920,0
1921,9
1922,2
1923,6
1924,9
1925,4
1926,0
1927,5
1928,9
1929,8
1930,6
1931,4
1932,0
1933,6
1934,3
1935,5
1936,0
1937,3
1938,9
1939,3
1940,8
1941,0
1942,9
1943,1
1944,1
1945,2
1946,9
1947,6
1948,7
1949,9
1950,4
1951,6
1952,1
1953,4
1954,2
1955,0
1956,1
1957,9
1958,0
1959,9
1960,2
1961,5
1962,7
1963,1
1964,3
1965,7
1966,9
1967,2
1968,6
1969,3
1970,4
1971,1
1972,8
1973,4
1974,1
1975,3
1976,1
1977,0
1978,5
1979,3
1980,3
1981,9
1982,9
1983,4
1984,9
1985,9
1986,3
1987,9
1988,8
1989,3
1990,0
1991,6
1992,9
1993,1
1994,0
1995,9
1996,1
1997,0
1998,9
1999,9
2000,5
2001,2
2002,3
2003,4
2004,9
2005,7
2006,4
2007,6
2008,2
2009,1
2010,0
2011,7
2012,8
2013,0
2014,7
2015,5
2016,3
2017,0
2018,6
2019,8
2020,9
2021,4
2022,2
2023,5
2024,4
2025,8
2026,0
2027,6
2028,3
2029,8
2030,7
2031,9
2032,0
2033,9
2034,0
2035,3
2036,1
2037,4
2038,6
2039,9
2040,3
2041,9
2042,9
2043,6
2044,4
2045,8
2046,0
2047,6
2048,9
2049,7
2050,6
2051,6
2052,9
2053,7
2054,2
2055,6
2056,0
2057,5
2058,8
2059,2
2060,6
2061,3
2062,4
2063,8
2064,9
2065,0
2066,1
2067,7
2068,8
2069,9
2070,0
2071,8
2072,2
2073,1
2074,9
2075,2
2076,8
2077,7
2078,7
2079,1
2080,1
2081,1
2082,3
2083,7
2084,0
2085,9
2086,9
2087,9
2088,1
2089,9
2090,2
2091,3
2092,6
2093,5
2094,8
2095,8
2096,7
2097,1
2098,3
2099,2
2100,0
2101,4
2102,2
2103,8
2104,7
2105,8
2106,2
2107,0
2108,8
2109,4
2110,6
2111,8
2112,3
2113,7
2114,5
2115,6
2116,4
2117,0
2118,7
2119,7
2120,9
2121,1
2122,2
2123,2
2124,3
2125,8
2126,3
2127,1
2128,5
2129,1
2130,3
2131,0
2132,5
2133,9
2134,9
2135,4
2136,8
2137,4
2138,7
2139,2
2140,2
2141,0
2142,8
2143,3
2144,2
2145,8
2146,0
2147,8
2148,2
2149,4
2150,3
2151,0
2152,7
2153,2
2154,9
2155,8
2156,3
2157,0
2158,1
2159,8
2160,4
2161,4
2162,6
2163,5
2164,7
2165,5
2166,3
2167,7
2168,2
2169,6
2170,8
2171,1
2172,3
2173,8
2174,4
2175,3
2176,7
2177,0
2178,3
2179,1
2180,1
2181,1
2182,6
2183,7
2184,8
2185,5
2186,6
2187,1
2188,4
2189,7
2190,4
2191,8
2192,4
2193,1
2194,4
2195,0
2196,0
2197,6
2198,7
2199,4
2200,1
2201,4
2202,1
2203,6
2204,3
2205,2
2206,3
2207,1
2208,5
2209,6
2210,9
2211,6
2212,4
2213,6
2214,5
2215,7
2216,8
2217,6
2218,4
2219,3
2220,6
2221,6
2222,4
2223,4
2224,5
2225,9
2226,1
2227,6
2228,1
2229,4
2230,2
2231,0
2232,3
2233,2
2234,5
2235,5
2236,1
2237,7
2238,0
2239,5
2240,9
2241,1
2242,9
2243,0
2244,1
2245,0
2246,1
2247,1
2248,5
2249,6
2250,2
2251,3
2252,3
2253,4
2254,0
2255,2
2256,5
2257,6
2258,2
2259,7
2260,2
2261,3
2262,8
2263,4
2264,9
2265,5
2266,5
2267,1
2268,4
2269,7
2270,5
2271,5
2272,4
2273,4
2274,6
2275,9
2276,5
2277,6
2278,3
2279,8
2280,9
2281,9
2282,0
2283,7
2284,5
2285,9
2286,3
2287,7
2288,2
2289,1
2290,8
2291,1
2292,2
2293,8
2294,7
2295,6
2296,3
2297,2
2298,0
2299,1
2300,0
2301,4
2302,0
2303,6
2304,7
2305,6
2306,3
2307,3
2308,3
2309,1
2310,2
2311,1
2312,2
2313,2
2314,1
2315,9
2316,6
2317,6
2318,8
2319,5
2320,5
2321,2
2322,0
2323,3
2324,5
2325,6
2326,4
2327,7
2328,8
2329,6
2330,3
2331,9
2332,5
2333,4
2334,4
2335,3
2336,5
2337,5
2338,4
2339,0
2340,4
2341,2
2342,6
2343,0
2344,7
2345,2
2346,7
2347,6
2348,4
2349,7
2350,4
2351,2
2352,0
2353,1
2354,0
2355,6
2356,3
2357,4
2358,1
2359,6
2360,3
2361,4
2362,7
2363,9
2364,2
2365,6
2366,6
2367,1
2368,7
2369,5
2370,8
2371,6
2372,1
2373,1
2374,6
2375,7
2376,6
2377,9
2378,2
2379,7
2380,3
2381,7
2382,2
2383,5
2384,3
2385,4
2386,5
2387,0
2388,5
2389,8
2390,8
2391,2
2392,7
2393,8
2394,0
2395,1
2396,5
2397,8
2398,8
2399,7
2400,9
2401,9
2402,6
2403,3
2404,5
2405,7
2406,7
2407,5
2408,6
2409,1
2410,2
2411,0
2412,3
2413,0
2414,3
2415,2
2416,0
2417,7
2418,7
2419,5
2420,6
2421,9
2422,0
2423,8
2424,2
2425,9
2426,0
2427,4
2428,0
2429,2
2430,2
2431,4
2432,5
2433,4
2434,1
2435,7
2436,5
2437,1
2438,5
2439,8
2440,7
2441,1
2442,9
2443,0
2444,3
2445,5
2446,3
2447,5
2448,2
2449,5
2450,2
2451,5
2452,1
2453,4
2454,2
2455,2
2456,2
2457,7
2458,1
2459,6
2460,4
2461,1
2462,8
2463,3
2464,1
2465,7
2466,0
2467,7
2468,0
2469,1
2470,4
2471,9
2472,9
2473,3
2474,2
2475,2
2476,9
2477,3
2478,2
2479,7
2480,3
2481,4
2482,1
2483,9
2484,7
2485,2
2486,0
2487,5
2488,2
2489,9
2490,0
2491,7
2492,8
2493,9
2494,2
2495,6
2496,9
2497,2
2498,5
2499,4
2500,4
2501,5
2502,8
2503,8
2504,1
2505,4
2506,3
2507,6
2508,6
2509,6
2510,0
2511,0
2512,5
2513,2
2514,7
2515,0
2516,5
2517,9
2518,1
2519,1
2520,9
2521,3
2522,4
2523,4
2524,5
2525,8
2526,3
2527,6
2528,8
2529,6
2530,8
2531,8
2532,5
2533,4
2534,9
2535,4
2536,0
2537,3
2538,9
2539,3
2540,6
2541,4
2542,6
2543,3
2544,1
2545,3
2546,7
2547,4
2548,7
2549,1
2550,5
2551,4
2552,1
2553,5
2554,3
2555,3
2556,2
2557,2
2558,8
2559,2
2560,2
2561,6
2562,0
2563,5
2564,9
2565,0
2566,4
2567,2
2568,6
2569,2
2570,1
2571,6
2572,7
2573,1
2574,1
2575,8
2576,7
2577,6
2578,1
2579,2
2580,4
2581,5
2582,0
2583,2
2584,4
2585,1
2586,1
2587,2
2588,5
2589,5
2590,9
2591,0
2592,4
2593,8
2594,0
2595,1
2596,7
2597,6
2598,0
2599,2
2600,7
2601,3
2602,9
2603,8
2604,2
2605,1
2606,7
2607,1
2608,9
2609,5
2610,3
2611,2
2612,8
2613,1
2614,8
2615,9
2616,7
2617,6
2618,3
2619,1
2620,9
2621,9
2622,5
2623,8
2624,9
2625,2
2626,9
2627,0
2628,0
2629,7
2630,9
2631,4
2632,3
2633,9
2634,2
2635,6
2636,6
2637,0
2638,2
2639,5
2640,3
2641,7
2642,8
2643,4
2644,4
2645,3
2646,7
2647,9
2648,4
2649,5
2650,8
2651,1
2652,5
2653,4
2654,6
2655,5
2656,9
2657,8
2658,4
2659,4
2660,7
2661,4
2662,8
2663,7
2664,6
2665,6
2666,1
2667,2
2668,6
2669,3
2670,0
2671,6
2672,5
2673,6
2674,6
2675,2
2676,3
2677,1
2678,3
2679,5
2680,4
2681,0
2682,5
2683,7
2684,3
2685,6
2686,7
2687,6
2688,6
2689,1
2690,4
2691,0
2692,8
2693,6
2694,3
2695,8
2696,3
2697,8
2698,5
2699,7
2700,6
2701,0
2702,2
2703,1
2704,0
2705,8
2706,6
2707,7
2708,6
2709,2
2710,3
2711,8
2712,6
2713,3
2714,6
2715,7
2716,2
2717,3
2718,5
2719,7
2720,5
2721,0
2722,6
2723,8
2724,0
2725,4
2726,9
2727,8
2728,4
2729,3
2730,2
2731,6
2732,0
2733,1
2734,7
2735,1
2736,5
2737,3
2738,2
2739,6
2740,9
2741,3
2742,5
2743,4
2744,9
2745,1
2746,1
2747,0
2748,4
2749,2
2750,8
2751,1
2752,3
2753,3
2754,6
2755,6
2756,0
2757,1
2758,3
2759,6
2760,4
2761,0
2762,0
2763,3
2764,7
2765,4
2766,4
2767,1
2768,4
2769,0
2770,7
2771,8
2772,9
2773,6
2774,9
2775,7
2776,7
2777,3
2778,3
2779,8
2780,8
2781,2
2782,1
2783,1
2784,0
2785,1
2786,4
2787,0
2788,6
2789,4
2790,9
2791,9
2792,0
2793,8
2794,1
2795,7
2796,6
2797,3
2798,1
2799,8
2800,3
2801,5
2802,8
2803,3
2804,1
2805,7
2806,9
2807,6
2808,1
2809,4
2810,3
2811,0
2812,7
2813,4
2814,4
2815,2
2816,5
2817,6
2818,9
2819,5
2820,0
2821,5
2822,6
2823,3
2824,9
2825,7
2826,7
2827,4
2828,7
2829,7
2830,4
2831,2
2832,3
2833,4
2834,6
2835,9
2836,4
2837,4
2838,5
2839,2
2840,7
2841,4
2842,4
2843,1
2844,9
2845,8
2846,3
2847,9
2848,2
2849,9
2850,1
2851,3
2852,3
2853,3
2854,5
2855,8
2856,5
2857,9
2858,8
2859,8
2860,2
2861,8
2862,0
2863,2
2864,9
2865,4
2866,6
2867,7
2868,3
2869,9
2870,2
2871,7
2872,7
2873,1
2874,5
2875,2
2876,6
2877,4
2878,4
2879,6
2880,0
2881,6
2882,7
2883,5
2884,2
2885,9
2886,5
2887,0
2888,3
2889,7
2890,8
2891,4
2892,6
2893,0
2894,9
2895,5
2896,8
2897,4
2898,2
2899,3
2900,5
2901,1
2902,4
2903,3
2904,0
2905,7
2906,7
2907,8
2908,3
2909,2
2910,2
2911,1
2912,1
2913,3
2914,4
2915,2
2916,5
2917,2
2918,4
2919,9
2920,2
2921,7
2922,9
2923,6
2924,8
2925,2
2926,3
2927,5
2928,0
2929,2
2930,0
2931,1
2932,3
2933,8
2934,9
2935,4
2936,9
2937,2
2938,2
2939,4
2940,9
2941,5
2942,9
2943,7
2944,6
2945,0
2946,2
2947,3
2948,0
2949,1
2950,4
2951,0
2952,7
2953,8
2954,4
2955,8
2956,7
2957,1
2958,2
2959,4
2960,0
2961,7
2962,7
2963,9
2964,9
2965,6
2966,8
2967,7
2968,5
2969,4
2970,3
2971,2
2972,4
2973,0
2974,9
2975,0
2976,0
2977,6
2978,8
2979,2
2980,0
2981,0
2982,9
2983,1
2984,1
2985,2
2986,1
2987,3
2988,8
2989,1
2990,4
2991,9
2992,6
2993,1
2994,2
2995,9
2996,6
2997,3
2998,8
2999,3
3000,1
3001,0
3002,8
3003,7
3004,8
3005,4
3006,8
3007,4
3008,4
3009,6
3010,1
3011,0
3012,8
3013,3
3014,4
3015,0
3016,3
3017,8
3018,6
3019,9
3020,2
3021,4
3022,5
3023,3
3024,3
3025,4
3026,7
3027,3
3028,0
3029,9
3030,0
3031,4
3032,1
3033,2
3034,6
3035,5
3036,5
3037,8
3038,5
3039,0
3040,7
3041,0
3042,9
3043,7
3044,4
3045,0
3046,6
3047,3
3048,7
3049,9
3050,7
3051,2
3052,4
3053,2
3054,4
3055,2
3056,1
3057,4
3058,6
3059,2
3060,4
3061,8
3062,4
3063,9
3064,2
3065,9
3066,8
3067,5
3068,3
3069,4
3070,9
3071,7
3072,1
3073,5
3074,6
3075,7
3076,4
3077,9
3078,6
3079,0
3080,9
3081,1
3082,4
3083,2
3084,6
3085,9
3086,7
3087,4
3088,2
3089,9
3090,0
3091,1
3092,3
3093,3
3094,2
3095,4
3096,8
3097,3
3098,4
3099,8
3100,1
3101,8
3102,1
3103,4
3104,1
3105,8
3106,7
3107,4
3108,1
3109,4
3110,2
3111,9
3112,1
3113,0
3114,4
3115,3
3116,2
3117,5
3118,8
3119,9
3120,2
3121,2
3122,7
3123,8
3124,8
3125,6
3126,6
3127,0
3128,6
3129,9
3130,0
3131,3
3132,2
3133,3
3134,6
3135,2
3136,9
3137,6
3138,5
3139,2
3140,7
3141,4
3142,4
3143,9
3144,9
3145,1
3146,8
3147,8
3148,9
3149,6
3150,3
3151,4
3152,2
3153,4
3154,8
3155,0
3156,4
3157,4
3158,1
3159,5
3160,6
3161,3
3162,6
3163,0
3164,5
3165,0
3166,1
3167,8
3168,8
3169,0
3170,5
3171,1
3172,1
3173,3
3174,8
3175,1
3176,2
3177,6
3178,8
3179,6
3180,4
3181,2
3182,1
3183,9
3184,1
3185,6
3186,7
3187,8
3188,9
3189,6
3190,8
3191,7
3192,7
3193,8
3194,9
3195,3
3196,8
3197,8
3198,3
3199,1
3200,3
3201,3
3202,0
3203,6
3204,9
3205,3
3206,8
3207,5
3208,6
3209,3
3210,0
3211,8
3212,0
3213,8
3214,1
3215,0
3216,8
3217,7
3218,4
3219,9
3220,4
3221,6
3222,6
3223,9
3224,5
3225,6
3226,0
3227,3
3228,1
3229,8
3230,0
3231,3
3232,7
3233,0
3234,7
3235,6
3236,6
3237,0
3238,7
3239,7
3240,3
3241,1
3242,4
3243,6
3244,8
3245,5
3246,8
3247,2
3248,8
3249,1
3250,0
3251,1
3252,2
3253,6
3254,3
3255,3
3256,4
3257,2
3258,2
3259,9
3260,7
3261,0
3262,5
3263,3
3264,8
3265,1
3266,4
3267,0
3268,7
3269,0
3270,2
3271,2
3272,7
3273,6
3274,9
3275,8
3276,1
3277,9
3278,2
3279,7
3280,7
3281,6
3282,9
3283,8
3284,1
3285,8
3286,8
3287,5
3288,9
3289,6
3290,4
3291,2
3292,4
3293,5
3294,1
3295,5
3296,1
3297,5
3298,9
3299,0
3300,8
3301,7
3302,5
3303,4
3304,3
3305,5
3306,1
3307,2
3308,5
3309,4
3310,0
3311,9
3312,0
3313,1
3314,0
3315,2
3316,8
3317,2
3318,6
3319,6
3320,7
3321,4
3322,2
3323,0
3324,3
3325,3
3326,8
3327,2
3328,4
3329,2
3330,1
3331,8
3332,9
3333,7
3334,1
3335,6
3336,7
3337,4
3338,9
3339,5
3340,5
3341,6
3342,2
3343,5
3344,5
3345,4
3346,4
3347,0
3348,9
3349,5
3350,5
3351,1
3352,4
3353,7
3354,5
3355,3
3356,8
3357,6
3358,0
3359,7
3360,8
3361,8
3362,1
3363,7
3364,4
3365,9
3366,5
3367,7
3368,5
3369,5
3370,9
3371,7
3372,0
3373,4
3374,0
3375,3
3376,8
3377,0
3378,3
3379,5
3380,3
3381,6
3382,5
3383,2
3384,8
3385,5
3386,2
3387,4
3388,5
3389,9
3390,1
3391,0
3392,9
3393,8
3394,8
3395,7
3396,8
3397,6
3398,4
3399,1
3400,5
3401,2
3402,9
3403,1
3404,7
3405,5
3406,2
3407,7
3408,3
3409,7
3410,3
3411,6
3412,0
3413,5
3414,4
3415,0
3416,4
3417,3
3418,0
3419,8
3420,1
3421,9
3422,7
3423,0
3424,0
3425,1
3426,4
3427,6
3428,7
3429,0
3430,9
3431,2
3432,2
3433,9
3434,9
3435,6
3436,3
3437,3
3438,9
3439,2
3440,7
3441,0
3442,3
3443,8
3444,8
3445,9
3446,3
3447,3
3448,9
3449,3
3450,3
3451,9
3452,4
3453,0
3454,5
3455,8
3456,2
3457,8
3458,5
3459,3
3460,2
3461,5
3462,4
3463,1
3464,1
3465,9
3466,9
3467,6
3468,1
3469,4
3470,0
3471,2
3472,9
3473,7
3474,1
3475,1
3476,2
3477,5
3478,2
3479,8
3480,4
3481,0
3482,0
3483,6
3484,4
3485,3
3486,0
3487,9
3488,1
3489,7
3490,7
3491,7
3492,5
3493,2
3494,5
3495,1
3496,6
3497,8
3498,4
3499,7
3500,1
3501,3
3502,4
3503,1
3504,0
3505,8
3506,3
3507,9
3508,9
3509,9
3510,6
3511,0
3512,5
3513,1
3514,9
3515,9
3516,5
3517,1
3518,4
3519,4
3520,3
3521,2
3522,6
3523,4
3524,8
3525,7
3526,8
3527,3
3528,8
3529,4
3530,7
3531,2
3532,5
3533,2
3534,1
3535,2
3536,6
3537,6
3538,9
3539,6
3540,4
3541,5
3542,8
3543,7
3544,8
3545,1
3546,8
3547,5
3548,4
3549,9
3550,7
3551,9
3552,0
3553,3
3554,9
3555,4
3556,5
3557,8
3558,1
3559,6
3560,8
3561,4
3562,6
3563,0
3564,8
3565,3
3566,1
3567,9
3568,1
3569,0
3570,8
3571,0
3572,9
3573,8
3574,3
3575,6
3576,2
3577,7
3578,5
3579,6
3580,3
3581,5
3582,4
3583,5
3584,8
3585,8
3586,4
3587,4
3588,1
3589,9
3590,1
3591,4
3592,3
3593,4
3594,4
3595,9
3596,7
3597,2
3598,9
3599,0
3600,1
3601,5
3602,9
3603,1
3604,8
3605,2
3606,9
3607,7
3608,6
3609,2
3610,2
3611,6
3612,9
3613,4
3614,3
3615,6
3616,2
3617,9
3618,9
3619,2
3620,3
3621,0
3622,1
3623,8
3624,7
3625,1
3626,2
3627,6
3628,4
3629,4
3630,0
3631,5
3632,5
3633,9
3634,4
3635,1
3636,1
3637,3
3638,4
3639,8
3640,6
3641,9
3642,2
3643,3
3644,8
3645,1
3646,2
3647,8
3648,6
3649,2
3650,8
3651,4
3652,1
3653,5
3654,9
3655,1
3656,1
3657,0
3658,0
3659,8
3660,6
3661,1
3662,3
3663,9
3664,6
3665,4
3666,4
3667,5
3668,1
3669,6
3670,2
3671,1
3672,2
3673,5
3674,3
3675,5
3676,9
3677,8
3678,6
3679,6
3680,6
3681,0
3682,4
3683,4
3684,9
3685,8
3686,8
3687,3
3688,1
3689,4
3690,4
3691,1
3692,5
3693,2
3694,2
3695,1
3696,1
3697,2
3698,6
3699,1
3700,5
3701,5
3702,6
3703,0
3704,6
3705,9
3706,5
3707,6
3708,5
3709,9
3710,3
3711,7
3712,2
3713,8
3714,1
3715,0
3716,2
3717,2
3718,0
3719,3
3720,8
3721,4
3722,4
3723,8
3724,0
3725,8
3726,8
3727,3
3728,6
3729,7
3730,7
3731,3
3732,2
3733,4
3734,4
3735,1
3736,3
3737,8
3738,7
3739,3
3740,1
3741,3
3742,6
3743,3
3744,6
3745,9
3746,1
3747,7
3748,6
3749,4
3750,6
3751,2
3752,3
3753,3
3754,2
3755,6
3756,6
3757,2
3758,8
3759,7
3760,3
3761,3
3762,1
3763,3
3764,6
3765,8
3766,2
3767,8
3768,1
3769,4
3770,6
3771,6
3772,4
3773,7
3774,7
3775,5
3776,9
3777,2
3778,1
3779,7
3780,6
3781,2
3782,9
3783,7
3784,9
3785,3
3786,3
3787,7
3788,7
3789,8
3790,9
3791,8
3792,4
3793,3
3794,1
3795,9
3796,3
3797,5
3798,2
3799,6
3800,5
3801,4
3802,4
3803,6
3804,8
3805,4
3806,8
3807,7
3808,3
3809,5
3810,2
3811,6
3812,7
3813,7
3814,9
3815,7
3816,6
3817,5
3818,7
3819,3
3820,5
3821,3
3822,0
3823,3
3824,6
3825,6
3826,1
3827,4
3828,3
3829,4
3830,4
3831,7
3832,1
3833,6
3834,7
3835,6
3836,7
3837,6
3838,0
3839,3
3840,1
3841,5
3842,0
3843,4
3844,3
3845,1
3846,8
3847,7
3848,9
3849,0
3850,7
3851,3
3852,8
3853,7
3854,6
3855,3
3856,6
3857,0
3858,7
3859,3
3860,6
3861,8
3862,2
3863,8
3864,9
3865,6
3866,4
3867,7
3868,6
3869,7
3870,0
3871,2
3872,8
3873,8
3874,9
3875,6
3876,0
3877,7
3878,4
3879,0
3880,8
3881,3
3882,4
3883,9
3884,3
3885,9
3886,1
3887,1
3888,2
3889,8
3890,6
3891,2
3892,2
3893,9
3894,5
3895,9
3896,9
3897,5
3898,4
3899,7
3900,9
3901,3
3902,1
3903,7
3904,8
3905,9
3906,7
3907,8
3908,0
3909,8
3910,4
3911,3
3912,7
3913,8
3914,3
3915,3
3916,9
3917,9
3918,5
3919,2
3920,1
3921,2
3922,2
3923,7
3924,0
3925,8
3926,8
3927,5
3928,2
3929,4
3930,6
3931,0
3932,1
3933,4
3934,4
3935,9
3936,4
3937,4
3938,5
3939,2
3940,8
3941,7
3942,2
3943,5
3944,8
3945,6
3946,0
3947,1
3948,8
3949,3
3950,9
3951,3
3952,4
3953,3
3954,9
3955,1
3956,6
3957,2
3958,3
3959,3
3960,8
3961,1
3962,5
3963,5
3964,0
3965,0
3966,5
3967,9
3968,1
3969,2
3970,2
3971,6
3972,5
3973,5
3974,0
3975,5
3976,4
3977,5
3978,1
3979,3
3980,6
3981,2
3982,6
3983,6
3984,9
3985,8
3986,7
3987,8
3988,9
3989,1
3990,3
3991,9
3992,2
3993,5
3994,3
3995,3
3996,7
3997,3
3998,7
3999,2
